PERIODO,MES,AGENCIA,SERVICIO HOSPEDAJE,VENTAS HOSPEDAJE EN MILES DE PESOS,SERVICIOS AEREOS,VENTAS AEREOS EN MILES DE PESOS,SERVICIOS TERRESTRE,VENTAS TERRESTRE EN MILES DE PESOS,SERVICIOS EXCURSIONES,VENTAS EXCURSIONES EN MILES DE PESOS,SERVICIOS PAQUETES PROPIOS,VENTAS PAQUETES PROPIOS EN MILES DE PESOS,SERVICIOS PAQUETES NO PROPIOS,VENTAS PAQUETES NO PROPIOS EN MILES DE PESOS,SERVICIOS TURISMO DE NEGOCIOS,VENTAS TURISMO DE NEGOCIOS EN MILES DE PESOS,SERVICIOS BALNEARIO Y O PARQUES RECREATIVOS,VENTAS BALNEARIO Y O PARQUES RECREATIVOS EN MILES DE PESOS
2013,ENERO JUNIO,REFORMA,3586,6691.39,3134,41658.45,301,275798.23,15,430.38,0,0,2023,24115.35,128,2950.11,675,141.97
2013,ENERO JUNIO,ASOCIACION AUTONOMA DEL PERSONAL ACADEMICO DE LA UNIVERSIDAD NACIONAL AUTONOMA DE MEXICO,284,479.13,12,58.12,7,2.03,0,0,0,0,75,1299.24,0,0,0,0
2013,ENERO JUNIO,SECRETARIA DE MEDIO AMBIENTE Y RECURSOS NATURALES,0,0,801,7164.34,0,0,0,0,0,0,111,1979.88,0,0,0,0
2013,ENERO JUNIO,SAN FERNANDO,308,549.19,545,9486.2,16,2.25,0,0,0,0,121,2467.82,0,0,0,0
2013,ENERO JUNIO,CONSEJO DE LA  JUDICATURA,95,192.57,732,4566.14,0,0,0,0,0,0,89,642.25,0,0,8,1.68
2013,ENERO JUNIO,AGUASCALIENTES AGUASCALIENTES,275,1096.41,81,1381.35,1998,2297.56,0,0,0,0,879,6295.99,0,0,0,0
2013,ENERO JUNIO,MEXICALI BAJA CALIFORNIA,4,3.8,708,5017.15,1944,1173.14,0,0,0,0,127,965.22,0,0,0,0
2013,ENERO JUNIO,LA PAZ BAJA CALIFORMIA SUR,0,0,2708,10904.38,15285,4159.47,0,0,0,0,48,419.84,0,0,0,0
2013,ENERO JUNIO,CAMPECHE CAMPECHE,96,85.68,166,3381,0,0,0,0,0,0,6,21.97,0,0,0,0
2013,ENERO JUNIO,SALTILLO COAHUILA,212,626.32,1129,4627.84,8009,6253.45,0,0,0,0,3603,922.09,636,0,0,0
2013,ENERO JUNIO,COLIMA COLIMA,258,570.29,140,2332.65,1799,2305.62,0,0,0,0,3,2.36,0,0,0,0
2013,ENERO JUNIO,TUXTLA GUTIERREZ CHIAPAS,8,7.07,1991,8919.86,8119,7287.61,0,0,0,0,78,385.89,0,0,0,0
2013,ENERO JUNIO,CHIHUAHUA CHIHUAHUA,37,79.04,72,7039.89,264,1770.48,0,0,0,0,52,252.21,0,0,0,0
2013,ENERO JUNIO,DURANGO DURANGO,43,256.62,676,2995.49,3472,4034.68,0,0,0,0,31,266.84,0,0,0,0
2013,ENERO JUNIO,CELAYA GUANAJUATO,341,913.26,38,325.26,17249,8561.75,0,0,0,0,21,346,0,0,0,0
2013,ENERO JUNIO,ACAPULCO GUERRERO,4,2.69,0,0,32641,6400.95,0,0,0,0,0,0,0,0,0,0
2013,ENERO JUNIO,PACHUCA HIDALGO,230,341.3,61,275.83,3,25.83,0,0,0,0,39,208.03,0,0,1,2.12
2013,ENERO JUNIO,GUADALAJARA JALISCO,3,8.57,199,957.05,11130,7432.63,0,0,0,0,174,419.77,0,0,0,0
2013,ENERO JUNIO,TOLUCA ESTADO MEXICO,533,1037.02,137,519.75,36,152.37,0,0,0,0,124,2017.63,0,0,0,0
2013,ENERO JUNIO,MORELIA MICHOACAN,29,193.53,12,120.46,1198,13660.35,0,0,0,0,0,0,0,0,0,0
2013,ENERO JUNIO,CUERNAVACA MORELOS,460,568.53,12,188.68,10,67.27,0,0,0,0,1,13.8,0,0,0,0
2013,ENERO JUNIO,TEPIC NAYARIT,171,435.4,318,1631.88,399,2314.99,0,0,0,0,22,105.39,0,0,0,0
2013,ENERO JUNIO,MONTERREY NUEVO LEON,31,157.65,289,1288.8,3415,1753.72,0,0,0,0,48,245.39,0,0,0,0
2013,ENERO JUNIO,OAXACA OAXACA,76,151.96,148,2721.48,175,1926.05,0,0,0,0,14,123.66,0,0,0,0
2013,ENERO JUNIO,PUEBLA PUEBLA,171,227.28,119,492.62,12,119.49,0,0,0,0,53,422.84,0,0,0,0
2013,ENERO JUNIO,QUERETARO QUERETARO,156,245.86,17,68.06,5610,2070.16,0,0,0,0,7,111.37,0,0,0,0
2013,ENERO JUNIO,CHETUMAL QUINTANA ROO,76,51.84,400,4959.4,16958,4936.13,0,0,0,0,60,141.56,0,0,0,0
2013,ENERO JUNIO,SAN LUS POTOSI SAN LUIS POTOSI,138,297.59,19,376.08,315,1731.92,0,0,0,0,0,0,0,0,0,0
2013,ENERO JUNIO,CULIACAN SINALOA,12,62.11,134,12927.38,286,950.7,0,0,0,0,151,372.26,0,0,0,0
2013,ENERO JUNIO,HERMOSILLO SONORA,15,24.7,122,6602.47,267,3091.66,0,0,0,0,25,202.48,0,0,0,0
2013,ENERO JUNIO,VILLAHERMOSA TABASCO,28,177.46,63,3072.16,33,2829.97,0,0,0,0,24,92.64,0,0,0,0
2013,ENERO JUNIO,TAMPICO TAMAULIPAS,180,138.72,595,2956.55,24,116,0,0,0,0,28,365.66,0,0,0,0
2013,ENERO JUNIO,TLAXCALA TLAXCALA,0,0,0,0,0,0,0,0,0,0,0,0,0,0,0,0
2013,ENERO JUNIO,JALAPA VERACRUZ,3,3.9,112,775.52,0,0,0,0,0,0,2,0.12,0,0,0,0
2013,ENERO JUNIO,MERIDA YUCATAN,16,34.89,112,5756.33,0,0,0,0,0,0,14,46.45,0,0,0,0
2013,ENERO JUNIO,ZACATECAS ZACATECAS,45,128.69,307,1796.2,1158,982.31,0,0,0,0,96,543.2,0,0,0,0
2013,JULIO DICIEMBRE,REFORMA,3344,7805.68,3380,35730.14,865,271085.57,391,786.14,0,0,2893,30280.07,27,0,472,125835.55
2013,JULIO DICIEMBRE,ASOCIACION AUTONOMA DEL PERSONAL ACADEMICO DE LA UNIVERSIDAD NACIONAL AUTONOMA DE MEXICO,304,592.36,10,63.18,6,2.24,0,0,0,0,66,597.16,0,0,0,0
2013,JULIO DICIEMBRE,SECRETARIA DE MEDIO AMBIENTE Y RECURSOS NATURALES,0,0,142,539.68,0,0,0,0,0,0,12,495.92,0,0,0,0
2013,JULIO DICIEMBRE,SAN FERNANDO,397,650.99,607,8940.15,10,4.31,0,0,0,0,194,3641.6,0,0,0,0
2013,JULIO DICIEMBRE,CONSEJO DE LA  JUDICATURA,32,101.84,1199,6004.37,10,7.27,0,0,0,0,109,1236.96,0,0,74,18645
2013,JULIO DICIEMBRE,AGUASCALIENTES AGUASCALIENTES,231,800.82,175,1805.01,2834,3235.28,0,0,0,0,376,3083.85,0,0,0,0
2013,JULIO DICIEMBRE,MEXICALI BAJA CALIFORNIA,3,840.74,849,3939.34,2560,1383.27,0,0,0,0,218,1176.44,0,0,0,0
2013,JULIO DICIEMBRE,LA PAZ BAJA CALIFORMIA SUR,17,23.08,1661,12362,9445,5037.37,0,0,0,0,104,6.04,0,0,0,0
2013,JULIO DICIEMBRE,CAMPECHE CAMPECHE,89,166.39,95,3789.8,8,30.74,8,171.08,0,0,7,18,0,0,0,0
2013,JULIO DICIEMBRE,SALTILLO COAHUILA,354,966.16,1345,4878.86,8708,6001.65,150,196.26,0,0,3927,714.95,0,0,0,0
2013,JULIO DICIEMBRE,COLIMA COLIMA,180,330.73,137,3104.35,1654,2806.09,0,0,0,0,2,6.67,0,0,0,0
2013,JULIO DICIEMBRE,TUXTLA GUTIERREZ CHIAPAS,48,107.14,2469,9246.44,9170,9468.91,0,0,0,0,0,0,0,0,0,0
2013,JULIO DICIEMBRE,CHIHUAHUA CHIHUAHUA,45,102.82,88,6069.06,407,2760.08,0,0,0,0,5,26,0,0,0,0
2013,JULIO DICIEMBRE,DURANGO DURANGO,99,556.65,1050,3829.77,3984,4289.15,0,0,0,0,9,69.25,0,0,0,0
2013,JULIO DICIEMBRE,CELAYA GUANAJUATO,269,699.51,28,302.19,17400,11863.68,0,0,0,0,31,545.61,0,0,0,0
2013,JULIO DICIEMBRE,ACAPULCO GUERRERO,60,59.56,3,24.8,45831,8831.59,0,0,0,0,0,0,0,0,0,0
2013,JULIO DICIEMBRE,PACHUCA HIDALGO,357,553.97,65,381.53,0,0,0,0,0,0,28,168.18,0,0,0,0
2013,JULIO DICIEMBRE,GUADALAJARA JALISCO,7,20.25,240,895.71,10668,7872.86,0,0,0,0,179,348.01,0,0,0,0
2013,JULIO DICIEMBRE,TOLUCA ESTADO MEXICO,386,876.05,78,472.84,0,0,0,0,0,0,184,3230.31,0,0,0,0
2013,JULIO DICIEMBRE,MORELIA MICHOACAN,33,187.25,16,308.07,1175,17197.45,0,0,0,0,4,39.3,0,0,0,0
2013,JULIO DICIEMBRE,CUERNAVACA MORELOS,643,1000.54,16,97.79,20,238.02,0,0,0,0,10,126.88,0,0,0,0
2013,JULIO DICIEMBRE,TEPIC NAYARIT,202,382.36,545,2700.31,420,2651.82,0,0,0,0,33,270.52,0,0,0,0
2013,JULIO DICIEMBRE,MONTERREY NUEVO LEON,38,155.59,432,1633.25,2955,2362.33,0,0,0,0,11,330.06,0,0,0,0
2013,JULIO DICIEMBRE,OAXACA OAXACA,91,137.28,124,2621.59,215,1949.07,0,0,0,0,8,143.61,0,0,0,0
2013,JULIO DICIEMBRE,PUEBLA PUEBLA,251,428.1,122,479.07,12,125.89,0,0,0,0,66,446.47,0,0,0,0
2013,JULIO DICIEMBRE,QUERETARO QUERETARO,150,308.83,41,165.88,4482,2650.64,0,0,0,0,29,197.6,0,0,0,0
2013,JULIO DICIEMBRE,CHETUMAL QUINTANA ROO,105,80.88,596,5290.35,21557,6203.31,0,0,0,0,4,10.71,0,0,0,0
2013,JULIO DICIEMBRE,SAN LUS POTOSI SAN LUIS POTOSI,180,292.69,3,609.99,534,2026.76,0,0,0,0,0,0,0,0,0,0
2013,JULIO DICIEMBRE,CULIACAN SINALOA,28,116.13,111,10602.03,295,814.76,0,0,0,0,64,398.79,0,0,0,0
2013,JULIO DICIEMBRE,HERMOSILLO SONORA,58,174.18,186,9161.89,351,3795.05,0,0,0,0,5,25.58,0,0,0,0
2013,JULIO DICIEMBRE,VILLAHERMOSA TABASCO,52,211.02,76,3954.95,69,3068.54,0,0,0,0,2,87.87,0,0,0,0
2013,JULIO DICIEMBRE,TAMPICO TAMAULIPAS,168,244.53,506,2557.1,54,8.81,0,0,0,0,9,194.39,0,0,0,0
2013,JULIO DICIEMBRE,TLAXCALA TLAXCALA,0,0,0,0,0,0,0,0,0,0,0,0,0,0,0,0
2013,JULIO DICIEMBRE,JALAPA VERACRUZ,22,50.58,260,1013.94,0,0,0,0,0,0,4,22.36,0,0,0,0
2013,JULIO DICIEMBRE,MERIDA YUCATAN,17,34.93,82,5764.99,0,0,0,0,0,0,0,0,0,0,0,0
2013,JULIO DICIEMBRE,ZACATECAS ZACATECAS,85,302.47,516,1931.19,1493,1071.42,0,0,0,0,232,311.48,0,0,0,0
2014,ENERO JUNIO,REFORMA,3246,4690.76,3029,133092.75,1233,157453.44,934,1308.05,0,0,7412,160824.82,266,1214896.2,169,46.53
2014,ENERO JUNIO,ASOCIACION AUTONOMA DEL PERSONAL ACADEMICO DE LA UNIVERSIDAD NACIONAL AUTONOMA DE MEXICO,222,489.34,4,17.29,9,3.6,0,0,0,0,46,806.68,6,43.25,0,0
2014,ENERO JUNIO,SECRETARIA DE MEDIO AMBIENTE Y RECURSOS NATURALES,0,0,0,0,0,0,0,0,0,0,1,0.91,0,0,0,0
2014,ENERO JUNIO,SAN FERNANDO,290,472.84,508,6255.82,9,3.14,0,0,0,0,716,6412.86,0,0,0,0
2014,ENERO JUNIO,CONSEJO DE LA  JUDICATURA,47,91.26,279,1340.64,4,2.52,0,0,0,0,114,874.43,0,0,87,23.49
2014,ENERO JUNIO,AGUASCALIENTES AGUASCALIENTES,95,779.14,64,967.16,1365,2419.73,0,0,0,0,815,4805.55,0,0,0,0
2014,ENERO JUNIO,MEXICALI BAJA CALIFORNIA,0,0,722,3806.07,3146,1950.59,0,0,0,0,281,1389.33,0,0,0,0
2014,ENERO JUNIO,LA PAZ BAJA CALIFORMIA SUR,3,5.56,398,9290.52,8543,10609.26,0,0,0,0,265,1501.82,0,0,0,0
2014,ENERO JUNIO,CAMPECHE CAMPECHE,45,75.85,52,2336.48,0,0,0,0,0,0,147,662.46,0,0,0,0
2014,ENERO JUNIO,SALTILLO COAHUILA,48,167.77,1111,3851.1,7235,11738.03,0,0,0,0,3568,1549.96,0,0,0,0
2014,ENERO JUNIO,COLIMA COLIMA,133,257.03,125,3156.65,1078,2476.82,0,0,0,0,141,1100.74,0,0,0,0
2014,ENERO JUNIO,TUXTLA GUTIERREZ CHIAPAS,28,67,1899,8599.44,7154,8196.27,0,0,0,0,350,1595.79,0,0,0,0
2014,ENERO JUNIO,CHIHUAHUA CHIHUAHUA,62,249.83,53,5634.29,299,2073.48,0,0,0,0,231,1003.6,0,0,0,0
2014,ENERO JUNIO,DURANGO DURANGO,106,283.05,732,2507.32,4401,5216.77,0,0,0,0,163,828.66,0,0,0,0
2014,ENERO JUNIO,CELAYA GUANAJUATO,157,540.39,7,132.43,8022,5110.62,0,0,0,0,34,1145.8,0,0,0,0
2014,ENERO JUNIO,ACAPULCO GUERRERO,69,45.47,0,0,17193,10391.78,0,0,0,0,1,2.27,0,0,0,0
2014,ENERO JUNIO,PACHUCA HIDALGO,182,251.49,24,193.3,3,9.28,0,0,0,0,76,425.42,2,13.38,0,0
2014,ENERO JUNIO,GUADALAJARA JALISCO,6,4.39,116,631.52,8436,13139.07,0,0,0,0,134,569.81,0,0,0,0
2014,ENERO JUNIO,TOLUCA ESTADO MEXICO,250,654.74,36,201.81,0,0,0,0,0,0,135,2611.14,0,0,0,0
2014,ENERO JUNIO,MORELIA MICHOACAN,14,133.53,2,32817,403,16575.29,0,0,0,0,2,21.95,0,0,0,0
2014,ENERO JUNIO,CUERNAVACA MORELOS,460,636.26,8,203482,35,331.67,0,0,0,0,50,382.22,0,0,0,0
2014,ENERO JUNIO,TEPIC NAYARIT,128,300,499,2188.9,437,3737.13,0,0,0,0,116,664.05,0,0,0,0
2014,ENERO JUNIO,MONTERREY NUEVO LEON,11,90.19,310,1283.17,14,351.18,0,0,0,0,62,561.77,0,0,0,0
2014,ENERO JUNIO,OAXACA OAXACA,78,195.41,53,2945.16,202,2148.45,0,0,0,0,146,633.15,0,0,0,0
2014,ENERO JUNIO,PUEBLA PUEBLA,64,130.04,49,284.68,15,102.68,0,0,0,0,119,849195.39,0,0,0,0
2014,ENERO JUNIO,QUERETARO QUERETARO,70,131.56,26,95.9,2907,3438.57,0,0,0,0,12,80.43,0,0,0,0
2014,ENERO JUNIO,CHETUMAL QUINTANA ROO,17,20.93,300,4394.51,28721,8764.03,0,0,0,0,267,779.48,0,0,0,0
2014,ENERO JUNIO,SAN LUS POTOSI SAN LUIS POTOSI,9,29,30,417.88,583,4068.89,0,0,0,0,3,37.84,0,0,0,0
2014,ENERO JUNIO,CULIACAN SINALOA,6,26.69,85,9445.21,400,1165.97,0,0,0,0,480,1640.22,0,0,0,0
2014,ENERO JUNIO,HERMOSILLO SONORA,7,17.38,103,5626.34,191,1945.11,0,0,0,0,212,1136.43,0,0,0,0
2014,ENERO JUNIO,VILLAHERMOSA TABASCO,15,36.39,24,1772.36,39,4500.66,0,0,0,0,94,368.61,0,0,0,0
2014,ENERO JUNIO,TAMPICO TAMAULIPAS,35,31.26,475,2248.02,21,58.08,0,0,0,0,126,780.75,0,0,0,0
2014,ENERO JUNIO,TLAXCALA TLAXCALA,0,0,0,0,0,0,0,0,0,0,0,0,0,0,0,0
2014,ENERO JUNIO,JALAPA VERACRUZ,2,30.51,114,443.5,0,0,0,0,0,0,46,279.19,0,0,0,0
2014,ENERO JUNIO,MERIDA YUCATAN,0,0,30,4407.05,0,0,0,0,0,0,201,809.74,0,0,0,0
2014,ENERO JUNIO,ZACATECAS ZACATECAS,53,225.89,359,1626.49,678,1351.39,0,0,0,0,118,951.46,0,0,0,0
2014,JULIO DICIEMBRE,REFORMA,1302,3010.94,6992,271448.83,303,908112.55,212,664.51,0,0,2165,352969.5,538,1244487.6,58,16.4
2014,JULIO DICIEMBRE,ASOCIACION AUTONOMA DEL PERSONAL ACADEMICO DE LA UNIVERSIDAD NACIONAL AUTONOMA DE MEXICO,61,100.52,8,106.31,1,0.49,0,0,0,0,75,764.85,0,0,0,0
2014,JULIO DICIEMBRE,SECRETARIA DE MEDIO AMBIENTE Y RECURSOS NATURALES,0,0,0,0,0,0,0,0,0,0,0,0,0,0,0,0
2014,JULIO DICIEMBRE,SAN FERNANDO,104,282.66,809,15016.25,0,0,0,0,0,0,658,6281.28,0,0,0,0
2014,JULIO DICIEMBRE,CONSEJO DE LA  JUDICATURA,17,27.24,499,3373.32,0,0,0,0,0,0,39,205.66,0,0,0,0
2014,JULIO DICIEMBRE,AGUASCALIENTES AGUASCALIENTES,47,292.83,67,2079,1424,2688.74,0,0,0,0,357,3718.95,0,0,0,0
2014,JULIO DICIEMBRE,MEXICALI BAJA CALIFORNIA,0,0,1098,7447.71,2407,1533.99,0,0,0,0,55,303.44,0,0,0,0
2014,JULIO DICIEMBRE,LA PAZ BAJA CALIFORMIA SUR,0,0,47,12208.92,22475,14008.59,0,0,0,0,26,46.21,0,0,0,0
2014,JULIO DICIEMBRE,CAMPECHE CAMPECHE,0,0,45,3150.76,1,0.39,0,0,0,0,53,248.59,0,0,0,0
2014,JULIO DICIEMBRE,SALTILLO COAHUILA,31,112.62,2650,9751.43,6551,9652.93,0,0,0,0,11,78.5,0,0,0,0
2014,JULIO DICIEMBRE,COLIMA COLIMA,0,0,131,3677.1,1521,2974.96,0,0,0,0,113,243.69,0,0,0,0
2014,JULIO DICIEMBRE,TUXTLA GUTIERREZ CHIAPAS,0,0,2527,12725.5,7473,12465.29,0,0,0,0,26,28.5,0,0,0,0
2014,JULIO DICIEMBRE,CHIHUAHUA CHIHUAHUA,10,36.54,72,7151.45,642,4738.53,0,0,0,0,9,5.54,0,0,0,0
2014,JULIO DICIEMBRE,DURANGO DURANGO,22,231.19,1008,4556.22,3565,4385.22,0,0,0,0,70,347.22,0,0,0,0
2014,JULIO DICIEMBRE,CELAYA GUANAJUATO,9,24.3,2,169.96,20006,11294.41,0,0,0,0,75,861.2,0,0,0,0
2014,JULIO DICIEMBRE,ACAPULCO GUERRERO,44,29.35,0,129.24,27679,10505.01,0,0,0,0,4,33.04,0,0,0,0
2014,JULIO DICIEMBRE,PACHUCA HIDALGO,10,43.38,48,268.35,0,0,0,0,0,0,119,662.04,0,0,0,0
2014,JULIO DICIEMBRE,GUADALAJARA JALISCO,0,0,183,1032.91,4255,7830.14,0,0,0,0,26,1185.93,0,0,0,0
2014,JULIO DICIEMBRE,TOLUCA ESTADO MEXICO,52,130.16,73,569.39,0,0,0,0,0,0,167,2345.39,0,0,0,0
2014,JULIO DICIEMBRE,MORELIA MICHOACAN,50,341.67,18,668.8,2163,56123.71,0,0,0,0,7,83.38,0,0,0,0
2014,JULIO DICIEMBRE,CUERNAVACA MORELOS,243,417.65,18,342.01,40,557.12,0,0,0,0,79,634.11,0,0,0,0
2014,JULIO DICIEMBRE,TEPIC NAYARIT,0,0,564,2801.84,493,4345.28,0,0,0,0,61,437.52,0,0,0,0
2014,JULIO DICIEMBRE,MONTERREY NUEVO LEON,7,35.01,322,1556.35,158,5450.65,0,0,0,0,8,66.24,0,0,0,0
2014,JULIO DICIEMBRE,OAXACA OAXACA,14,25.27,109,4196.18,288,3887.78,0,0,0,0,14,0.96,0,0,0,0
2014,JULIO DICIEMBRE,PUEBLA PUEBLA,27,45.91,38,473.28,38,230.79,0,0,0,0,106,972.72,0,0,0,0
2014,JULIO DICIEMBRE,QUERETARO QUERETARO,28,154.09,58,451.9,3468,2681.63,0,0,0,0,77,257.87,0,0,0,0
2014,JULIO DICIEMBRE,CHETUMAL QUINTANA ROO,6,4.64,493,6192.79,23035,7688.03,0,0,0,0,106,204.93,0,0,0,0
2014,JULIO DICIEMBRE,SAN LUS POTOSI SAN LUIS POTOSI,64,128.39,78,1107.82,249,1890.13,0,0,0,0,1,0.1,0,0,0,0
2014,JULIO DICIEMBRE,CULIACAN SINALOA,4,12.71,204,13100.08,212,1219.11,0,0,0,0,53,162.49,0,0,0,0
2014,JULIO DICIEMBRE,HERMOSILLO SONORA,42,57.6,160,9098.52,504,5621.17,0,0,0,0,22,84.19,0,0,0,0
2014,JULIO DICIEMBRE,VILLAHERMOSA TABASCO,6,15.81,24,2521.48,49,3918.94,0,0,0,0,39,147.44,0,0,0,0
2014,JULIO DICIEMBRE,TAMPICO TAMAULIPAS,2,0.16,615,3274.24,11,86.1,0,0,0,0,50,325.08,0,0,0,0
2014,JULIO DICIEMBRE,TLAXCALA TLAXCALA,0,0,0,0,0,0,0,0,0,0,0,0,0,0,0,0
2014,JULIO DICIEMBRE,JALAPA VERACRUZ,0,0,144,599.93,0,0,0,0,0,0,28,32.32,0,0,0,0
2014,JULIO DICIEMBRE,MERIDA YUCATAN,0,0,32,6267.78,0,0,0,0,0,0,10,16.15,0,0,0,0
2014,JULIO DICIEMBRE,ZACATECAS ZACATECAS,16,53.99,498,2498.26,181,752.27,0,0,0,0,214,1567.54,0,0,0,0
2015,ENERO JUNIO,REFORMA,1626,3633.36,4985,112646.72,437,101144.72,57,523.05,0,0,1596,18519.2,460,1041670.26,155,46.1
2015,ENERO JUNIO,ASOCIACION AUTONOMA DEL PERSONAL ACADEMICO DE LA UNIVERSIDAD NACIONAL AUTONOMA DE MEXICO,105,216.58,11,284.75,11,0.13,0,0,0,0,61,922.36,0,0,21,6.01
2015,ENERO JUNIO,SAN FERNANDO,146,347.73,710,18337.94,20,0.21,0,0,0,0,60,444.17,0,0,0,0
2015,ENERO JUNIO,CONSEJO DE LA  JUDICATURA,40,73.19,65,1136.86,0,0,0,0,0,0,14,94.51,0,0,34,9.93
2015,ENERO JUNIO,AGUASCALIENTES AGUASCALIENTES,47,296.13,121,1772.1,951,2247.99,0,0,0,0,520,5926.52,0,0,0,0
2015,ENERO JUNIO,MEXICALI BAJA CALIFORNIA,0,0,1171,7230.59,2531,1333.38,0,0,0,0,29,161.19,0,0,0,0
2015,ENERO JUNIO,LA PAZ BAJA CALIFORMIA SUR,0,0,122,12336.96,8756,9064.06,0,0,0,0,8,26.81,0,0,0,0
2015,ENERO JUNIO,CAMPECHE CAMPECHE,6,4.41,41,2559.95,23,147.52,0,0,0,0,24,103.73,0,0,0,0
2015,ENERO JUNIO,SALTILLO COAHUILA,48,197.54,1792,6082.07,4762,7962.63,0,0,0,0,6,64.82,0,0,0,0
2015,ENERO JUNIO,COLIMA COLIMA,79,398.06,63,2335.08,911,1926.61,0,0,0,0,66,238.69,0,0,0,0
2015,ENERO JUNIO,TUXTLA GUTIERREZ CHIAPAS,407,1528.23,2187,9880.67,2755,6908.47,0,0,0,0,5,11.85,0,0,0,0
2015,ENERO JUNIO,CHIHUAHUA CHIHUAHUA,22,39.74,40,5904.38,475,2467.78,0,0,0,0,1,3.98,0,0,0,0
2015,ENERO JUNIO,DURANGO DURANGO,7,41.46,911,4154.3,3296,4669.77,0,0,0,0,42,501.85,0,0,0,0
2015,ENERO JUNIO,CELAYA GUANAJUATO,14,83.7,9,97.35,12495,12863.19,0,0,0,0,143,1461.8,0,0,0,0
2015,ENERO JUNIO,ACAPULCO GUERRERO,101,108.07,1,54.2,22687,8876.04,0,0,0,0,3,36.79,0,0,0,0
2015,ENERO JUNIO,PACHUCA HIDALGO,15,28.7,22,184.7,0,0,0,0,0,0,59,361.21,0,0,11,0.73
2015,ENERO JUNIO,GUADALAJARA JALISCO,1,9.97,142,726.08,1467,7230.59,0,0,0,0,19,86.5,0,0,0,0
2015,ENERO JUNIO,TOLUCA ESTADO MEXICO,110,277.04,70,738.26,0,0,0,0,0,0,114,2561.11,0,0,0,0
2015,ENERO JUNIO,MORELIA MICHOACAN,3,22.04,5,77.91,448,18115.76,0,0,0,0,0,0,0,0,0,0
2015,ENERO JUNIO,CUERNAVACA MORELOS,323,493.34,13,308.94,3,53.42,0,0,0,0,48,792.24,0,0,0,0
2015,ENERO JUNIO,TEPIC NAYARIT,18,140.33,409,2139.5,401,3246.37,0,0,0,0,57,687.65,0,0,0,0
2015,ENERO JUNIO,MONTERREY NUEVO LEON,6,23.89,322,1252.6,72,2947.25,0,0,0,0,18,451.46,0,0,0,0
2015,ENERO JUNIO,OAXACA OAXACA,27,76.25,58,1914.09,254,2680.63,0,0,0,0,11,160.11,0,0,0,0
2015,ENERO JUNIO,PUEBLA PUEBLA,46,133.09,31,319.29,51,141.67,0,0,0,0,79,1081.32,0,0,0,0
2015,ENERO JUNIO,QUERETARO QUERETARO,1,1.17,34,375.39,3052,1886.75,0,0,0,0,3,3.37,0,0,0,0
2015,ENERO JUNIO,CHETUMAL QUINTANA ROO,0,0,146,5177.57,4994,6379.67,0,0,0,0,10,41.86,0,0,0,0
2015,ENERO JUNIO,SAN LUS POTOSI SAN LUIS POTOSI,26,62.96,53,221.55,233,4657.36,0,0,0,0,0,0,0,0,0,0
2015,ENERO JUNIO,CULIACAN SINALOA,2,9.33,39,12208.67,196,1284.57,0,0,0,0,46,210.73,0,0,0,0
2015,ENERO JUNIO,HERMOSILLO SONORA,23,32.54,105,6587.01,209,2062.56,0,0,0,0,15,76.13,0,0,0,0
2015,ENERO JUNIO,VILLAHERMOSA TABASCO,5,14.43,24,2160.7,105,4139.62,0,0,0,0,29,161.06,0,0,0,0
2015,ENERO JUNIO,TAMPICO TAMAULIPAS,5,6.19,503,2642.04,11,130.95,0,0,0,0,25,225.27,0,0,0,0
2015,ENERO JUNIO,TLAXCALA TLAXCALA,0,0,0,0,0,0,0,0,0,0,0,0,0,0,0,0
2015,ENERO JUNIO,JALAPA VERACRUZ,0,0,168,842.24,0,0,0,0,0,0,11,45.05,0,0,0,0
2015,ENERO JUNIO,MERIDA YUCATAN,0,0,31,6744.73,0,0,0,0,0,0,0,0,0,0,0,0
2015,ENERO JUNIO,ZACATECAS ZACATECAS,2,12.12,429,2209.54,176,908.59,0,0,0,0,59,590.43,0,0,0,0
2015,JULIO DICIEMBRE,REFORMA,1428,3398.47,4677,151667.69,353,35105.36,0,0,0,0,2018,33201.97,372,222355.67,327,100.09
2015,JULIO DICIEMBRE,ASOCIACION AUTONOMA DEL PERSONAL ACADEMICO DE LA UNIVERSIDAD NACIONAL AUTONOMA DE MEXICO,135,348.91,13,648.86,15,4.58,0,0,0,0,79,981.26,0,0,33,9.81
2015,JULIO DICIEMBRE,SAN FERNANDO,192,437.71,539,23194.12,0,0,0,0,0,0,105,1401.27,0,0,21,5.91
2015,JULIO DICIEMBRE,CONSEJO DE LA  JUDICATURA,34,106.59,27,1734.79,0,0,0,0,0,0,9,197,0,0,55,16.58
2015,JULIO DICIEMBRE,AGUASCALIENTES AGUASCALIENTES,13,89.74,51,2089.19,1213,2841.56,0,0,0,0,463,4606.15,0,0,0,0
2015,JULIO DICIEMBRE,MEXICALI BAJA CALIFORNIA,0,0,1192,8097.05,3033,1886.99,0,0,0,0,23,195.8,0,0,0,0
2015,JULIO DICIEMBRE,LA PAZ BAJA CALIFORMIA SUR,1,0.11,288,12590.9,13765,8218.17,0,0,0,0,43,128.98,0,0,0,0
2015,JULIO DICIEMBRE,CAMPECHE CAMPECHE,6,3.59,39,3184.27,0,0,0,0,0,0,29,103.35,0,0,0,0
2015,JULIO DICIEMBRE,SALTILLO COAHUILA,31,110.14,1969,6814.75,5314,13717.62,0,0,0,0,53,98.61,0,0,0,0
2015,JULIO DICIEMBRE,COLIMA COLIMA,17,30.63,36,1936.41,1380,2349.71,0,0,0,0,178,349.29,0,0,0,0
2015,JULIO DICIEMBRE,TUXTLA GUTIERREZ CHIAPAS,8,34.79,2836,12078.82,6105,14611.6,0,0,0,0,5,13.57,0,0,0,0
2015,JULIO DICIEMBRE,CHIHUAHUA CHIHUAHUA,34,47.25,28,6633.34,602,4345.61,0,0,0,0,7,10.28,0,0,0,0
2015,JULIO DICIEMBRE,DURANGO DURANGO,17,106.9,1016,4743.91,3867,5778.62,0,0,0,0,49,382.72,0,0,0,0
2015,JULIO DICIEMBRE,CELAYA GUANAJUATO,22,125.16,1,49.28,19670,11697.75,0,0,0,0,101,742.67,0,0,0,0
2015,JULIO DICIEMBRE,ACAPULCO GUERRERO,113,124.19,1,70.11,26161,11160.08,0,0,0,0,26,54.75,0,0,0,0
2015,JULIO DICIEMBRE,PACHUCA HIDALGO,51,151.59,8,217.81,0,0,0,0,0,0,117,938.48,0,0,0,0
2015,JULIO DICIEMBRE,GUADALAJARA JALISCO,0,0,143,804.36,6147,16381.41,0,0,0,0,24,110.72,0,0,0,0
2015,JULIO DICIEMBRE,TOLUCA ESTADO MEXICO,165,459.41,43,508.27,0,0,0,0,0,0,113,1826.35,0,0,0,0
2015,JULIO DICIEMBRE,MORELIA MICHOACAN,8,56.73,1,142.52,618,23634.57,0,0,0,0,4,101.59,0,0,0,0
2015,JULIO DICIEMBRE,CUERNAVACA MORELOS,385,686.4,7,481.68,4,76.13,0,0,0,0,75,991.7,0,0,0,0
2015,JULIO DICIEMBRE,TEPIC NAYARIT,20,49.01,402,2295.68,465,3446.22,0,0,0,0,42,331.57,0,0,0,0
2015,JULIO DICIEMBRE,MONTERREY NUEVO LEON,4,19.34,362,1807.03,57,2234.01,0,0,0,0,57,758.61,0,0,0,0
2015,JULIO DICIEMBRE,OAXACA OAXACA,6,8.38,131,1725.59,197,1544.4,0,0,0,0,35,129.27,0,0,0,0
2015,JULIO DICIEMBRE,PUEBLA PUEBLA,54,113.68,16,78.67,34,100.11,0,0,0,0,84,1225.66,0,0,0,0
2015,JULIO DICIEMBRE,QUERETARO QUERETARO,12,33.08,15,137.82,4336,2278.26,0,0,0,0,90,296.41,0,0,0,0
2015,JULIO DICIEMBRE,CHETUMAL QUINTANA ROO,0,0,94,6167.81,7306,6146.23,0,0,0,0,21,84.83,0,0,0,0
2015,JULIO DICIEMBRE,SAN LUS POTOSI SAN LUIS POTOSI,119,765.05,41,248.29,651,11772.4,0,0,0,0,0,0,0,0,0,0
2015,JULIO DICIEMBRE,CULIACAN SINALOA,0,0,22,14210,223,1387.85,0,0,0,0,13,69.01,0,0,0,0
2015,JULIO DICIEMBRE,HERMOSILLO SONORA,18,38.87,139,7900.81,355,4999.46,0,0,0,0,27,110.91,0,0,0,0
2015,JULIO DICIEMBRE,VILLAHERMOSA TABASCO,6,27.42,16,2373.54,49,2265.6,0,0,0,0,13,82.59,0,0,0,0
2015,JULIO DICIEMBRE,TAMPICO TAMAULIPAS,0,0,470,2346.54,30,14.03,0,0,0,0,36,293.62,0,0,0,0
2015,JULIO DICIEMBRE,TLAXCALA TLAXCALA,0,0,0,0,0,0,0,0,0,0,0,0,0,0,0,0
2015,JULIO DICIEMBRE,JALAPA VERACRUZ,0,0,138,643.85,0,0,0,0,0,0,16,91.53,0,0,0,0
2015,JULIO DICIEMBRE,MERIDA YUCATAN,0,0,8,9346.32,0,0,0,0,0,0,3,12.54,0,0,0,0
2015,JULIO DICIEMBRE,ZACATECAS ZACATECAS,8,31.09,307,1545.38,663,1329.79,0,0,0,0,52,273.76,0,0,0,0
2016,ENERO JUNIO,REFORMA,770,1833.29,2714,145655.13,87,5866.63,9,932.42,376,1459.64,2297,16441.94,64,12137.02,68,22.31
2016,ENERO JUNIO,ASOCIACION AUTONOMA DEL PERSONAL ACADEMICO DE LA UNIVERSIDAD NACIONAL AUTONOMA DE MEXICO,102,210.85,41,705.83,10,1.18,0,0,0,0,93,919.64,0,0,8,1.92
2016,ENERO JUNIO,SAN FERNANDO,195,441.8,362,19335.37,0,0,0,0,1,4.29,103,499.68,0,0,9,2.23
2016,ENERO JUNIO,CONSEJO DE LA  JUDICATURA,42,72.37,3,1203.3,0,0,0,0,0,0,20,198.87,0,0,52,15.89
2016,ENERO JUNIO,AGUASCALIENTES AGUASCALIENTES,23,132.44,39,2268.87,995,2662.49,0,0,0,0,671,8523.03,0,0,0,0
2016,ENERO JUNIO,MEXICALI BAJA CALIFORNIA,0,0,1095,6974.27,3894,2309.34,0,0,0,0,12,41.83,0,0,0,0
2016,ENERO JUNIO,LA PAZ BAJA CALIFORMIA SUR,0,0,149,10974.58,8145,8150.77,0,0,0,0,4,31.94,0,0,0,0
2016,ENERO JUNIO,CAMPECHE CAMPECHE,0,0,37,1966.13,0,0,0,0,0,0,18,192.93,0,0,0,0
2016,ENERO JUNIO,SALTILLO COAHUILA,10,39.18,1403,4318.36,1594,4475.5,0,0,0,0,92,496.68,0,0,0,0
2016,ENERO JUNIO,COLIMA COLIMA,8,4.33,53,1991.58,2194,2716.07,0,0,0,0,58,133.8,0,0,0,0
2016,ENERO JUNIO,TUXTLA GUTIERREZ CHIAPAS,4,2.57,2911,11371.53,2761,6587.47,0,0,0,0,1,2.46,0,0,0,0
2016,ENERO JUNIO,CHIHUAHUA CHIHUAHUA,14,32.86,66,5584.36,382,3528.44,0,0,0,0,0,0,0,0,0,0
2016,ENERO JUNIO,DURANGO DURANGO,0,0,832,3363.49,3970,5523.87,0,0,0,0,71,399.01,0,0,0,0
2016,ENERO JUNIO,CELAYA GUANAJUATO,9,30.93,1,45.58,15815,9793.59,0,0,0,0,54,558.11,0,0,0,0
2016,ENERO JUNIO,ACAPULCO GUERRERO,33,27.03,8,200.85,17247,7800.79,0,0,0,0,20,86.59,0,0,0,0
2016,ENERO JUNIO,PACHUCA HIDALGO,29,58.51,23,145.68,0,0,0,0,25,87.66,229,635.71,0,0,0,0
2016,ENERO JUNIO,GUADALAJARA JALISCO,0,0,120,694.08,5957,14422.8,0,0,0,0,47,202.59,0,0,0,0
2016,ENERO JUNIO,TOLUCA ESTADO MEXICO,131,313.12,43,674.75,0,0,0,0,30,83.24,131,1508.56,0,0,0,0
2016,ENERO JUNIO,MORELIA MICHOACAN,3,27.47,3,75.27,518,19503.36,0,0,0,0,3,18.52,0,0,0,0
2016,ENERO JUNIO,CUERNAVACA MORELOS,233,381.47,15,267.7,42,44.18,0,0,102,399.35,45,474.08,0,0,0,0
2016,ENERO JUNIO,TEPIC NAYARIT,13,32.52,349,1562.6,472,2962.6,0,0,0,0,10,81.56,0,0,0,0
2016,ENERO JUNIO,MONTERREY NUEVO LEON,3,47.68,295,1427.84,5,65.48,0,0,0,0,14,42.21,0,0,0,0
2016,ENERO JUNIO,OAXACA OAXACA,33,81.48,18,1573.19,45,369.13,0,0,0,0,15,195.91,0,0,0,0
2016,ENERO JUNIO,PUEBLA PUEBLA,25,90.92,3,2.08,6,18.1,0,0,8,96.26,71,638.7,0,0,0,0
2016,ENERO JUNIO,QUERETARO QUERETARO,59,160.22,1,40.27,2954,1568.9,0,0,0,0,0,0,0,0,0,0
2016,ENERO JUNIO,CHETUMAL QUINTANA ROO,0,0,72,7523.42,9916,6056.86,0,0,0,0,46,134.89,0,0,0,0
2016,ENERO JUNIO,SAN LUS POTOSI SAN LUIS POTOSI,4,2.92,22,172.33,245,7852.5,0,0,0,0,0,0,0,0,0,0
2016,ENERO JUNIO,CULIACAN SINALOA,0,0,130,16488,205,1321.82,0,0,0,0,5,13.95,0,0,0,0
2016,ENERO JUNIO,HERMOSILLO SONORA,14,27.43,89,7354.75,251,3647.49,0,0,0,0,36,40.51,0,0,0,0
2016,ENERO JUNIO,VILLAHERMOSA TABASCO,1,4.25,21,2432.95,21,713.78,0,0,0,0,15,129.93,0,0,0,0
2016,ENERO JUNIO,TAMPICO TAMAULIPAS,0,0,542,2858.79,12,59.1,0,0,0,0,18,288.43,0,0,0,0
2016,ENERO JUNIO,TLAXCALA TLAXCALA,0,0,0,0,0,0,0,0,0,0,0,0,0,0,0,0
2016,ENERO JUNIO,JALAPA VERACRUZ,1,1.32,134,714.54,0,0,0,0,0,0,4,6.92,0,0,0,0
2016,ENERO JUNIO,MERIDA YUCATAN,0,0,22,8430.34,0,0,0,0,0,0,1,5.5,0,0,0,0
2016,ENERO JUNIO,ZACATECAS ZACATECAS,4,15.69,156,796.22,417,1098.93,0,0,0,0,103,473.93,0,0,0,0
2016,JULIO DICIEMBRE,REFORMA,1018,2714.03,2241,105288.54,128,10272.23,12,88.11,777,1300.25,1626,21722.09,105,24713.14,173,56.77
2016,JULIO DICIEMBRE,ASOCIACION AUTONOMA DEL PERSONAL ACADEMICO DE LA UNIVERSIDAD NACIONAL AUTONOMA DE MEXICO,88,209.65,14,107.57,15,7.12,0,0,2,57.89,86,1163.09,0,0,17,5.38
2016,JULIO DICIEMBRE,SAN FERNANDO,249,671.4,255,2544.24,0,0,0,0,19,8.99,76,498.25,0,0,9,2.66
2016,JULIO DICIEMBRE,CONSEJO DE LA  JUDICATURA,27,69.57,3,1307.49,5,1.96,0,0,0,0,8,114.14,0,0,59,19.3
2016,JULIO DICIEMBRE,AGUASCALIENTES AGUASCALIENTES,16,126.25,169,860.19,565,3095.62,0,0,1,0.38,499,3972.86,0,0,0,0
2016,JULIO DICIEMBRE,MEXICALI BAJA CALIFORNIA,0,0,958,8184.19,3013,1604.02,0,0,0,0,8,31.53,0,0,0,0
2016,JULIO DICIEMBRE,LA PAZ BAJA CALIFORMIA SUR,0,0,161,11626.82,17747,12558.74,0,0,0,0,10,61.93,0,0,0,0
2016,JULIO DICIEMBRE,CAMPECHE CAMPECHE,22,13.08,58,2688.41,0,0,0,0,0,0,14,122.79,0,0,0,0
2016,JULIO DICIEMBRE,SALTILLO COAHUILA,44,130.01,1236,4275.87,40,677.11,0,0,0,0,69,434.03,0,0,0,0
2016,JULIO DICIEMBRE,COLIMA COLIMA,16,24.82,139,1728.89,1531,3272.77,0,0,0,0,27,198.09,0,0,0,0
2016,JULIO DICIEMBRE,TUXTLA GUTIERREZ CHIAPAS,2,1.08,792,13498.66,5713,13211.89,0,0,0,0,1,1.48,0,0,0,0
2016,JULIO DICIEMBRE,CHIHUAHUA CHIHUAHUA,41,140.35,18,2678.07,483,3877.81,0,0,0,0,0,0,0,0,0,0
2016,JULIO DICIEMBRE,DURANGO DURANGO,15,68,836,3729.69,4000,6137.9,0,0,0,0,59,408.01,0,0,0,0
2016,JULIO DICIEMBRE,CELAYA GUANAJUATO,13,53.28,1,53.1,17607,10814.95,0,0,0,0,36,519.34,0,0,0,0
2016,JULIO DICIEMBRE,ACAPULCO GUERRERO,67,66.76,3,156.49,25351,11262.83,0,0,0,0,34,232.32,0,0,0,0
2016,JULIO DICIEMBRE,PACHUCA HIDALGO,27,74.44,6,24.84,0,0,0,0,350,782.24,99,611.76,0,0,0,0
2016,JULIO DICIEMBRE,GUADALAJARA JALISCO,0,0,88,675.99,1867,18155.66,0,0,0,0,33,113.32,0,0,0,0
2016,JULIO DICIEMBRE,TOLUCA ESTADO MEXICO,101,283.96,6,118.72,0,0,0,0,278,692.09,116,2175.53,0,0,0,0
2016,JULIO DICIEMBRE,MORELIA MICHOACAN,3,23.47,4,77.47,679,27515.81,0,0,0,0,0,0,0,0,0,0
2016,JULIO DICIEMBRE,CUERNAVACA MORELOS,379,643.74,13,267.26,3,26,0,0,122,432,32,315.97,0,0,0,0
2016,JULIO DICIEMBRE,TEPIC NAYARIT,24,74.7,312,1376.63,488,3479.56,0,0,0,0,25,163.47,0,0,0,0
2016,JULIO DICIEMBRE,MONTERREY NUEVO LEON,4,18.4,293,1386.99,0,0,0,0,0,0,2,18.67,0,0,0,0
2016,JULIO DICIEMBRE,OAXACA OAXACA,45,231.82,20,11420.9,34,39.72,0,0,133,458.15,18,426.23,0,0,0,0
2016,JULIO DICIEMBRE,PUEBLA PUEBLA,60,132.46,2,39.71,0,0,0,0,4,186.56,50,697.79,0,0,0,0
2016,JULIO DICIEMBRE,QUERETARO QUERETARO,38,89.11,9,99.07,3859,2451.59,0,0,1,16.48,8,157.02,0,0,0,0
2016,JULIO DICIEMBRE,CHETUMAL QUINTANA ROO,8,2.82,193,8762.07,6999,5019.84,0,0,0,0,0,0,0,0,0,0
2016,JULIO DICIEMBRE,SAN LUS POTOSI SAN LUIS POTOSI,42,80.49,30,153.42,534,11756.36,0,0,0,0,0,0,0,0,0,0
2016,JULIO DICIEMBRE,CULIACAN SINALOA,0,0,112,19100.29,220,1359.79,0,0,0,0,9,35.78,0,0,0,0
2016,JULIO DICIEMBRE,HERMOSILLO SONORA,15,19.77,116,8472.47,297,3849.55,0,0,0,0,7,9.47,0,0,0,0
2016,JULIO DICIEMBRE,VILLAHERMOSA TABASCO,2,2.37,57,2248.72,70,3592.91,0,0,0,0,17,97.48,0,0,0,0
2016,JULIO DICIEMBRE,TAMPICO TAMAULIPAS,0,0,423,2157.19,13,83.66,0,0,0,0,32,116.68,0,0,0,0
2016,JULIO DICIEMBRE,TLAXCALA TLAXCALA,0,0,0,0,0,0,0,0,0,0,0,0,0,0,0,0
2016,JULIO DICIEMBRE,JALAPA VERACRUZ,4,10.03,85,361.03,0,0,0,0,0,0,6,61.52,0,0,0,0
2016,JULIO DICIEMBRE,MERIDA YUCATAN,0,0,44,10159.01,0,0,0,0,0,0,0,0,0,0,0,0
2016,JULIO DICIEMBRE,ZACATECAS ZACATECAS,4,16.05,219,1068.62,209,1748.31,0,0,0,0,165,756.24,0,0,0,0
2017,ENERO JUNIO,REFORMA,935,2880.7,2668,73164.96,62,4832.7,0,0,1971,2714.3,962,14728.49,0,0,158,54.06
2017,ENERO JUNIO,ASOCIACION AUTONOMA DEL PERSONAL ACADEMICO DE LA UNIVERSIDAD NACIONAL AUTONOMA DE MEXICO,97,208.07,26,216.34,0,0,0,0,18,4.93,145,2335.18,0,0,2,0.35
2017,ENERO JUNIO,SAN FERNANDO,285,681.28,153,2939.14,0,0,0,0,87,135.69,76,778.3,0,0,1,0.03
2017,ENERO JUNIO,CONSEJO DE LA  JUDICATURA,24,32.69,11,1349.24,0,0,0,0,0,0,13,162.69,0,0,67,22.56
2017,ENERO JUNIO,AGUASCALIENTES AGUASCALIENTES,10,84.91,60,469.11,649,3052.23,0,0,0,0,544,5029.4,0,0,0,0
2017,ENERO JUNIO,MEXICALI BAJA CALIFORNIA,0,0,318,7394.9,3459,2054.95,0,0,0,0,17,200.32,0,0,0,0
2017,ENERO JUNIO,LA PAZ BAJA CALIFORMIA SUR,0,0,79,9286.32,10601,9377.32,0,0,0,0,22,112.92,0,0,0,0
2017,ENERO JUNIO,CAMPECHE CAMPECHE,25,28.12,20,1549.71,0,0,0,0,0,0,10,37.32,0,0,0,0
2017,ENERO JUNIO,SALTILLO COAHUILA,6,22.2,124,2838.98,9717,14506.37,0,0,0,0,163,851.03,0,0,0,0
2017,ENERO JUNIO,COLIMA COLIMA,0,0,91,1614.78,1621,3004,0,0,0,0,47,252.3,0,0,0,0
2017,ENERO JUNIO,TUXTLA GUTIERREZ CHIAPAS,4,7.04,131,10627.56,2486,6138.68,0,0,1,9.46,3,36.15,0,0,0,0
2017,ENERO JUNIO,CHIHUAHUA CHIHUAHUA,38,78.13,34,1980.58,433,3661.49,0,0,0,0,2,21.14,0,0,0,0
2017,ENERO JUNIO,DURANGO DURANGO,17,62.06,151,1477.16,3923,6207.01,0,0,0,0,29,170.8,0,0,0,0
2017,ENERO JUNIO,CELAYA GUANAJUATO,18,66.48,5,28.07,11479,9438.02,0,0,0,0,56,899.45,0,0,0,0
2017,ENERO JUNIO,ACAPULCO GUERRERO,60,82.61,6,76.9,18016,8958.04,0,0,0,0,66,320.68,0,0,0,0
2017,ENERO JUNIO,PACHUCA HIDALGO,22,35.09,1,9.24,0,0,0,0,554,551.93,41,566.55,0,0,0,0
2017,ENERO JUNIO,GUADALAJARA JALISCO,0,0,27,559.5,4097,18312.39,0,0,0,0,43,224.94,0,0,0,0
2017,ENERO JUNIO,TOLUCA ESTADO MEXICO,165,472.53,9,63.95,0,0,0,0,350,944.3,105,2016.38,0,0,0,0
2017,ENERO JUNIO,MORELIA MICHOACAN,5,67.81,8,109.93,536,19601.45,0,0,0,0,0,0,0,0,0,0
2017,ENERO JUNIO,CUERNAVACA MORELOS,476,888.61,3,34.17,102,103.64,0,0,170,881.77,28,268.04,0,0,0,0
2017,ENERO JUNIO,TEPIC NAYARIT,5,11.36,96,852.81,292,3423.18,0,0,0,0,18,174.47,0,0,0,0
2017,ENERO JUNIO,MONTERREY NUEVO LEON,6,72.13,72,1144.8,610,523.52,0,0,0,0,2,53.4,0,0,0,0
2017,ENERO JUNIO,OAXACA OAXACA,10,52.63,9,648.31,0,0,0,0,31,164.93,18,873.52,0,0,0,0
2017,ENERO JUNIO,PUEBLA PUEBLA,16,26.85,4,27.03,0,0,0,0,4,327.31,74,2106.14,0,0,0,0
2017,ENERO JUNIO,QUERETARO QUERETARO,9,32.04,2,34.84,3465,1979.78,0,0,0,0,37,239.64,0,0,0,0
2017,ENERO JUNIO,CHETUMAL QUINTANA ROO,0,0,7,25.11,44,695.01,0,0,0,0,1,0.12,0,0,0,0
2017,ENERO JUNIO,SAN LUS POTOSI SAN LUIS POTOSI,0,0,2,13.49,414,11959.64,0,0,0,0,0,0,0,0,0,0
2017,ENERO JUNIO,CULIACAN SINALOA,0,0,109,20023.15,220,1447.87,0,0,0,0,8,74.47,0,0,0,0
2017,ENERO JUNIO,HERMOSILLO SONORA,0,0,119,6189.79,152,1687.58,0,0,0,0,0,0,0,0,0,0
2017,ENERO JUNIO,VILLAHERMOSA TABASCO,1,2.11,57,2031.47,79,4309.03,0,0,0,0,23,322.83,0,0,0,0
2017,ENERO JUNIO,TAMPICO TAMAULIPAS,4,9.17,66,1726.84,1,51.15,0,0,0,0,10,25.04,0,0,0,0
2017,ENERO JUNIO,TLAXCALA TLAXCALA,0,0,0,0,0,0,0,0,0,0,0,0,0,0,0,0
2017,ENERO JUNIO,JALAPA VERACRUZ,0,0,21,268.46,0,0,0,0,0,0,3,17.07,0,0,0,0
2017,ENERO JUNIO,MERIDA YUCATAN,0,0,37,9552.8,0,0,0,0,0,0,0,0,0,0,0,0
2017,ENERO JUNIO,ZACATECAS ZACATECAS,0,0,175,1171.11,221,1103.99,0,0,0,0,57,325.46,0,0,0,0
2017,JULIO DICIEMBRE,REFORMA,715,2080.32,4996,95691.83,3108,70413.31,0,0,1602,2845.89,1025,13179.77,67,90224.5,151,53.31
2017,JULIO DICIEMBRE,ASOCIACION AUTONOMA DEL PERSONAL ACADEMICO DE LA UNIVERSIDAD NACIONAL AUTONOMA DE MEXICO,84,252.7,11,124.12,0,0,0,0,21,52.24,134,2026.76,0,0,0,0
2017,JULIO DICIEMBRE,SAN FERNANDO,217,540.34,37,543.97,0,0,0,0,73,86.18,71,778.46,0,0,0,0
2017,JULIO DICIEMBRE,CONSEJO DE LA  JUDICATURA,29,83.8,26,461.31,0,0,0,0,8,2.21,12,151.11,0,0,54,18.18
2017,JULIO DICIEMBRE,AGUASCALIENTES AGUASCALIENTES,6,24.93,74,353.78,99,947.93,0,0,0,0,315,3296.69,0,0,0,0
2017,JULIO DICIEMBRE,MEXICALI BAJA CALIFORNIA,0,0,177,2190.52,626,467.33,0,0,0,0,29,248.91,0,0,0,0
2017,JULIO DICIEMBRE,LA PAZ BAJA CALIFORMIA SUR,0,0,98,853.46,6850,2547.71,0,0,0,0,21,265.47,0,0,0,0
2017,JULIO DICIEMBRE,CAMPECHE CAMPECHE,13,4.77,5,219.24,0,0,0,0,0,0,7,31.26,0,0,0,0
2017,JULIO DICIEMBRE,SALTILLO COAHUILA,0,0,3,119.66,1587,1944.08,0,0,0,0,138,348.67,0,0,0,0
2017,JULIO DICIEMBRE,COLIMA COLIMA,0,0,63,422.72,444,957.65,0,0,0,0,39,334.92,0,0,0,0
2017,JULIO DICIEMBRE,TUXTLA GUTIERREZ CHIAPAS,8,12.55,134,1063,1842,4528.64,0,0,0,0,23,86.39,0,0,0,0
2017,JULIO DICIEMBRE,CHIHUAHUA CHIHUAHUA,9,28.87,5,185.78,166,928.87,0,0,0,0,30,451.24,0,0,0,0
2017,JULIO DICIEMBRE,DURANGO DURANGO,16,74.49,61,629.06,1314,1850.71,0,0,0,0,57,371.01,0,0,0,0
2017,JULIO DICIEMBRE,CELAYA GUANAJUATO,17,76.47,0,0,2486,3108.39,0,0,1,10.06,44,956.49,0,0,0,0
2017,JULIO DICIEMBRE,ACAPULCO GUERRERO,27,36.55,1,25.31,3866,2054.55,0,0,0,0,46,397,0,0,0,0
2017,JULIO DICIEMBRE,PACHUCA HIDALGO,50,139.58,2,10.43,0,0,0,0,528,756.76,37,452.1,0,0,0,0
2017,JULIO DICIEMBRE,GUADALAJARA JALISCO,0,0,47,321.03,807,3686.54,0,0,0,0,30,239.54,0,0,0,0
2017,JULIO DICIEMBRE,TOLUCA ESTADO MEXICO,117,312.16,17,91.72,0,0,0,0,89,476.26,114,2465.92,0,0,0,0
2017,JULIO DICIEMBRE,MORELIA MICHOACAN,4,46.35,1,10.29,141,5749.85,0,0,0,0,6,97.64,0,0,0,0
2017,JULIO DICIEMBRE,CUERNAVACA MORELOS,364,822.56,2,16.98,7,6.1,0,0,430,1118.32,17,489.58,0,0,0,0
2017,JULIO DICIEMBRE,TEPIC NAYARIT,21,68.44,14,137.2,106,844.2,0,0,0,0,8,90.53,0,0,0,0
2017,JULIO DICIEMBRE,MONTERREY NUEVO LEON,4,44.49,8,64.8,3,163.2,0,0,0,0,1,30.23,0,0,0,0
2017,JULIO DICIEMBRE,OAXACA OAXACA,10,36.42,7,59.88,0,0,0,0,35,71.06,16,883.21,0,0,0,0
2017,JULIO DICIEMBRE,PUEBLA PUEBLA,13,24.27,8,31.14,0,0,0,0,3,406.52,73,1475.1,0,0,0,0
2017,JULIO DICIEMBRE,QUERETARO QUERETARO,1,1.48,0,0,1277,704.84,0,0,0,0,38,256.91,0,0,0,0
2017,JULIO DICIEMBRE,CHETUMAL QUINTANA ROO,0,0,9,41.19,9,69.84,0,0,0,0,0,0,0,0,0,0
2017,JULIO DICIEMBRE,SAN LUS POTOSI SAN LUIS POTOSI,0,0,0,0,184,3353.45,0,0,0,0,0,0,0,0,0,0
2017,JULIO DICIEMBRE,CULIACAN SINALOA,0,0,19,1122.69,125,576.27,0,0,0,0,14,91.11,0,0,0,0
2017,JULIO DICIEMBRE,HERMOSILLO SONORA,25,60.03,58,989.57,66,1070.73,0,0,0,0,2,6.39,0,0,0,0
2017,JULIO DICIEMBRE,VILLAHERMOSA TABASCO,2,4.72,6,325.62,19,1038.69,0,0,4,51.77,20,180.58,0,0,0,0
2017,JULIO DICIEMBRE,TAMPICO TAMAULIPAS,0,0,6,194.55,4,1.85,0,0,0,0,15,92.14,0,0,0,0
2017,JULIO DICIEMBRE,TLAXCALA TLAXCALA,0,0,0,0,0,0,0,0,0,0,0,0,0,0,0,0
2017,JULIO DICIEMBRE,JALAPA VERACRUZ,0,0,2,83.25,0,0,0,0,0,0,1,3.98,0,0,0,0
2017,JULIO DICIEMBRE,MERIDA YUCATAN,0,0,5,622.87,0,0,0,0,0,0,0,0,0,0,0,0
2017,JULIO DICIEMBRE,ZACATECAS ZACATECAS,0,0,7,140.49,62,839.28,0,0,0,0,88,579.25,0,0,0,0
2018,ENERO JUNIO,REFORMA,815,3285.37,2179,103454.25,4495,75363.65,0,0.00,2354,2003.30,697,55146.43,9,21009.27,110,39.93
2018,ENERO JUNIO,ASOCIACION AUTONOMA DEL PERSONAL ACADEMICO DE LA UNIVERSIDAD NACIONAL AUTONOMA DE MEXICO,98,241.39,12,101.56,0,0.00,0,0.00,53,18.54,119,2453.49,0,0.00,0,0.00
2018,ENERO JUNIO,SAN FERNANDO,232,583.01,25,196.05,0,0.00,0,0.00,92,88.33,65,942.50,0,0.00,0,0.00
2018,ENERO JUNIO,CONSEJO DE LA  JUDICATURA,32,89.54,2,19.96,0,0.00,0,0.00,2,0.49,6,27.54,0,0.00,32,10.60
2018,ENERO JUNIO,AGUASCALIENTES AGUASCALIENTES,0,0.00,65,431.51,5,1.67,0,0.00,0,0.00,541,6705.26,0,0.00,0,0.00
2018,ENERO JUNIO,MEXICALI BAJA CALIFORNIA,0,0.00,31,301.03,12,3.87,0,0.00,0,0.00,12,614.46,0,0.00,0,0.00
2018,ENERO JUNIO,LA PAZ BAJA CALIFORMIA SUR,0,0.00,60,348.29,0,0.00,0,0.00,0,0.00,2,2.20,0,0.00,0,0.00
2018,ENERO JUNIO,CAMPECHE CAMPECHE,13,9.26,16,116.02,0,0.00,0,0.00,38,70.37,41,386.38,0,0.00,0,0.00
2018,ENERO JUNIO,SALTILLO COAHUILA,41,147.37,3,58.90,2,40.75,0,0.00,0,0.00,68,246.63,0,0.00,0,0.00
2018,ENERO JUNIO,COLIMA COLIMA,0,0.00,117,355.14,15,8.97,0,0.00,0,0.00,16,74.75,0,0.00,0,0.00
2018,ENERO JUNIO,TUXTLA GUTIERREZ CHIAPAS,3,8.32,11,38.33,0,0.00,0,0.00,36,152.83,4,104.32,0,0.00,0,0.00
2018,ENERO JUNIO,CHIHUAHUA CHIHUAHUA,6,11.25,18,41.44,43,28.59,0,0.00,0,0.00,4,191.66,0,0.00,0,0.00
2018,ENERO JUNIO,DURANGO DURANGO,0,0.00,24,183.25,379,128.96,0,0.00,0,0.00,54,330.78,0,0.00,0,0.00
2018,ENERO JUNIO,CELAYA GUANAJUATO,7,6.27,0,0.00,61,32.27,0,0.00,0,0.00,3,25.20,0,0.00,0,0.00
2018,ENERO JUNIO,ACAPULCO GUERRERO,55,43.18,10,31.04,2,33.97,0,0.00,0,0.00,18,171.83,0,0.00,0,0.00
2018,ENERO JUNIO,PACHUCA HIDALGO,24,59.41,0,0.00,0,0.00,0,0.00,540,1249.78,4,92.15,0,0.00,0,0.00
2018,ENERO JUNIO,GUADALAJARA JALISCO,0,0.00,4,19.77,15,56.06,0,0.00,0,0.00,27,131.92,0,0.00,0,0.00
2018,ENERO JUNIO,TOLUCA ESTADO MEXICO,126,350.88,10,149.55,0,0.00,0,0.00,60,333.00,112,3467.36,0,0.00,0,0.00
2018,ENERO JUNIO,MORELIA MICHOACAN,0,0.00,0,0.00,21,5.80,0,0.00,1,22.28,7,62.27,0,0.00,0,0.00
2018,ENERO JUNIO,CUERNAVACA MORELOS,418,832.23,0,0.00,0,0.00,0,0.00,323,960.61,19,224.14,0,0.00,0,0.00
2018,ENERO JUNIO,TEPIC NAYARIT,4,13.38,2,21.65,17,29.41,0,0.00,0,0.00,6,54.53,0,0.00,0,0.00
2018,ENERO JUNIO,MONTERREY NUEVO LEON,0,0.00,0,0.00,0,0.00,0,0.00,0,0.00,0,0.00,0,0.00,0,0.00
2018,ENERO JUNIO,OAXACA OAXACA,10,56.26,2,31.19,0,0.00,0,0.00,47,256.49,12,258.40,0,0.00,0,0.00
2018,ENERO JUNIO,PUEBLA PUEBLA,21,52.08,5,24.27,1,0.51,0,0.00,6,652.66,22,740.28,0,0.00,0,0.00
2018,ENERO JUNIO,QUERETARO QUERETARO,0,0.00,0,0.00,100,36.77,0,0.00,0,0.00,11,99.69,0,0.00,0,0.00
2018,ENERO JUNIO,CHETUMAL QUINTANA ROO,10,13.18,0,0.00,0,0.00,0,0.00,0,0.00,0,0.00,0,0.00,0,0.00
2018,ENERO JUNIO,SAN LUS POTOSI SAN LUIS POTOSI,0,0.00,0,0.00,0,0.00,0,0.00,0,0.00,0,0.00,0,0.00,0,0.00
2018,ENERO JUNIO,CULIACAN SINALOA,1,3.42,4,16.11,2,20.75,0,0.00,0,0.00,8,402.44,0,0.00,0,0.00
2018,ENERO JUNIO,HERMOSILLO SONORA,3,7.08,25,669.46,11,43.88,0,0.00,0,0.00,0,0.00,0,0.00,0,0.00
2018,ENERO JUNIO,VILLAHERMOSA TABASCO,1,3.41,7,27.65,0,0.00,0,0.00,10,33.05,14,261.42,0,0.00,0,0.00
2018,ENERO JUNIO,TAMPICO TAMAULIPAS,2,2.14,0,29.87,3,1.17,0,0.00,0,0.00,1,15.96,0,0.00,0,0.00
2018,ENERO JUNIO,TLAXCALA TLAXCALA,0,0.00,0,0.00,0,0.00,0,0.00,0,0.00,0,0.00,0,0.00,0,0.00
2018,ENERO JUNIO,JALAPA VERACRUZ,0,0.00,1,2.87,0,0.00,0,0.00,0,0.00,1,12.28,0,0.00,0,0.00
2018,ENERO JUNIO,MERIDA YUCATAN,0,0.00,0,0.00,0,0.00,0,0.00,0,0.00,0,0.00,0,0.00,0,0.00
2018,ENERO JUNIO,ZACATECAS ZACATECAS,0,0.00,1,7.58,54,111.95,0,0.00,0,0.00,87,727.94,0,0.00,0,0.00
2018,JULIO DICIEMBRE,REFORMA,787,8040.67,1335,75755.90,16181,123628.01,0,0.00,2531,2393.54,799,10995.42,3.00,60.62,377,96.82
2018,JULIO DICIEMBRE,ASOCIACION AUTONOMA DEL PERSONAL ACADEMICO DE LA UNIVERSIDAD NACIONAL AUTONOMA DE MEXICO,58,214.70,3,43.54,0,0.00,0,0.00,148,100.62,86,756.13,0,0.00,0,0.00
2018,JULIO DICIEMBRE,SAN FERNANDO,195,544.05,18,79.11,0,0.00,0,0.00,93,79.45,67,879.70,0,0.00,0,0.00
2018,JULIO DICIEMBRE,CONSEJO DE LA  JUDICATURA,15,40.98,0,0.00,0,0.00,0,0.00,35,11.63,8,49.56,0,0.00,92,29.59
2018,JULIO DICIEMBRE,AGUASCALIENTES AGUASCALIENTES,4,90.33,53,361.96,9,5.35,0,0.00,0,0.00,392,4180.00,0,0.00,0,0.00
2018,JULIO DICIEMBRE,MEXICALI BAJA CALIFORNIA,0,0.00,0,0.00,0,0.00,0,0.00,0,0.00,2,10.46,0,0.00,0,0.00
2018,JULIO DICIEMBRE,LA PAZ BAJA CALIFORMIA SUR,0,0.00,40,273.40,0,0.00,0,0.00,0,0.00,7,17.39,0,0.00,0,0.00
2018,JULIO DICIEMBRE,CAMPECHE CAMPECHE,3,1.52,12,33.65,0,0.00,0,0.00,35,46.76,3,90.67,0,0.00,0,0.00
2018,JULIO DICIEMBRE,SALTILLO COAHUILA,96,200.55,5,85.20,0,0.00,0,0.00,0,0.00,73,529.18,0,0.00,0,0.00
2018,JULIO DICIEMBRE,COLIMA COLIMA,0,0.00,63,330.12,26,14.39,0,0.00,0,0.00,19,642.59,0,0.00,0,0.00
2018,JULIO DICIEMBRE,TUXTLA GUTIERREZ CHIAPAS,12,20.05,1,2.85,0,0.00,0,0.00,0,0.00,0,0.00,0,0.00,0,0.00
2018,JULIO DICIEMBRE,CHIHUAHUA CHIHUAHUA,2,3.52,7,18.72,24,17.20,0,0.00,0,0.00,17,303.61,0,0.00,0,0.00
2018,JULIO DICIEMBRE,DURANGO DURANGO,23,54.24,2,51.72,184,82.12,0,0.00,0,0.00,30,147.43,0,0.00,0,0.00
2018,JULIO DICIEMBRE,CELAYA GUANAJUATO,37,155.43,0,0.00,67,43.98,0,0.00,0,0.00,33,1252.98,0,0.00,0,0.00
2018,JULIO DICIEMBRE,ACAPULCO GUERRERO,18,18.58,4,54.15,0,0.00,0,0.00,0,0.00,8,226.19,0,0.00,0,0.00
2018,JULIO DICIEMBRE,PACHUCA HIDALGO,24,66.63,0,0.00,0,0.00,0,0.00,369,1224.22,4,62.76,0,0.00,0,0.00
2018,JULIO DICIEMBRE,GUADALAJARA JALISCO,0,0.00,12,21.60,28,21.41,0,0.00,0,0.00,25,89.70,0,0.00,0,0.00
2018,JULIO DICIEMBRE,TOLUCA ESTADO MEXICO,133,355.66,21,163.16,0,0.00,0,0.00,32,48.87,63,1837.42,0,0.00,0,0.00
2018,JULIO DICIEMBRE,MORELIA MICHOACAN,1,11.59,0,0.00,27,29.32,0,0.00,0,0.00,14,86.66,0,0.00,0,0.00
2018,JULIO DICIEMBRE,CUERNAVACA MORELOS,407,994.65,0,0.00,0,0.00,0,0.00,414,967.34,50,922.21,0,0.00,0,0.00
2018,JULIO DICIEMBRE,TEPIC NAYARIT,3,15.32,34,233.28,20,6.97,0,0.00,0,0.00,10,131.55,0,0.00,0,0.00
2018,JULIO DICIEMBRE,MONTERREY NUEVO LEON,0,0.00,0,0.00,0,0.00,0,0.00,0,0.00,0,0.00,0,0.00,0,0.00
2018,JULIO DICIEMBRE,OAXACA OAXACA,29,88.98,0,6.63,0,0.00,0,0.00,12,123.23,14,487.78,0,0.00,0,0.00
2018,JULIO DICIEMBRE,PUEBLA PUEBLA,63,241.43,16,129.68,0,0.00,0,0.00,4,461.53,18,889.46,0,0.00,0,0.00
2018,JULIO DICIEMBRE,QUERETARO QUERETARO,0,0.00,0,0.00,145,54.23,0,0.00,66,61.35,1,111.42,0,0.00,0,0.00
2018,JULIO DICIEMBRE,CHETUMAL QUINTANA ROO,0,0.00,0,0.00,0,0.00,0,0.00,0,0.00,6,21.19,0,0.00,0,0.00
2018,JULIO DICIEMBRE,SAN LUS POTOSI SAN LUIS POTOSI,0,0.00,0,0.00,0,0.00,0,0.00,0,0.00,0,0.00,0,0.00,0,0.00
2018,JULIO DICIEMBRE,CULIACAN SINALOA,0,0.00,4,12.79,0,0.00,0,0.00,0,0.00,6,51.38,0,0.00,0,0.00
2018,JULIO DICIEMBRE,HERMOSILLO SONORA,2,12.47,10,350.59,0,0.00,0,0.00,0,0.00,14,514.08,0,0.00,0,0.00
2018,JULIO DICIEMBRE,VILLAHERMOSA TABASCO,3,5.96,7,22.54,0,0.00,0,0.00,25,456.43,10,176.77,0,0.00,0,0.00
2018,JULIO DICIEMBRE,TAMPICO TAMAULIPAS,2,3.15,2,50.43,4,2.78,0,0.00,0,0.00,2,24.84,0,0.00,0,0.00
2018,JULIO DICIEMBRE,TLAXCALA TLAXCALA,0,0.00,0,0.00,0,0.00,0,0.00,0,0.00,0,0.00,0,0.00,0,0.00
2018,JULIO DICIEMBRE,JALAPA VERACRUZ,0,0.00,10,34.54,0,0.00,0,0.00,0,0.00,0,0.00,0,0.00,0,0.00
2018,JULIO DICIEMBRE,MERIDA YUCATAN,0,0.00,11,52.61,0,0.00,0,0.00,0,0.00,0,0.00,0,0.00,0,0.00
2018,JULIO DICIEMBRE,ZACATECAS ZACATECAS,0,0.00,0,0.00,14,12.11,0,0.00,0,0.00,134,893.98,0,0.00,0,0.00
2019,ENERO JUNIO,REFORMA,404,1264.28,239,1758.94,3544,18571.19,0,0.00,1404,1185.12,540,6053.33,0,0.00,189,42.24
2019,ENERO JUNIO,ASOCIACION AUTONOMA DEL PERSONAL ACADEMICO DE LA UNIVERSIDAD NACIONAL AUTONOMA DE MEXICO,23,159.67,15,157.55,0,0.00,0,0.00,174,335.30,170,3139.46,0,0.00,0,0.00
2019,ENERO JUNIO,SAN FERNANDO,122,338.79,32,580.34,0,0.00,0,0.00,115,113.16,61,474.06,0,0.00,0,0.00
2019,ENERO JUNIO,CONSEJO DE LA  JUDICATURA,6,16.73,1,22.70,0,0.00,0,0.00,9,3.58,13,75.64,0,0.00,44,16.01
2019,ENERO JUNIO,AGUASCALIENTES AGUASCALIENTES,2,29.72,12,110.30,2,0.54,0,0.00,0,0.00,368,3963.73,0,0.00,0,0.00
2019,ENERO JUNIO,MEXICALI BAJA CALIFORNIA,0,0.00,5,11.67,0,0.00,0,0.00,0,0.00,11,218.12,0,0.00,0,0.00
2019,ENERO JUNIO,LA PAZ BAJA CALIFORMIA SUR,0,0.00,3,14.85,0,0.00,0,0.00,0,0.00,1,17.92,0,0.00,0,0.00
2019,ENERO JUNIO,CAMPECHE CAMPECHE,0,0.00,10,49.45,0,0.00,0,0.00,6,5.97,0,0.00,0,0.00,0,0.00
2019,ENERO JUNIO,SALTILLO COAHUILA,2,2.45,5,20.92,0,0.00,0,0.00,0,0.00,106,395.49,0,0.00,0,0.00
2019,ENERO JUNIO,COLIMA COLIMA,0,0.00,20,97.66,9,8.66,0,0.00,0,0.00,0,0.00,0,0.00,0,0.00
2019,ENERO JUNIO,TUXTLA GUTIERREZ CHIAPAS,0,0.00,31,95.57,0,0.00,0,0.00,1,0.40,0,0.00,0,0.00,0,0.00
2019,ENERO JUNIO,CHIHUAHUA CHIHUAHUA,8,31.21,3,6.60,4,1.43,0,0.00,0,0.00,15,58.69,0,0.00,0,0.00
2019,ENERO JUNIO,DURANGO DURANGO,8,9.28,29,245.05,36,28.86,0,0.00,0,0.00,16,124.00,0,0.00,0,0.00
2019,ENERO JUNIO,CELAYA GUANAJUATO,0,0.00,0,0.00,42,23.71,0,0.00,0,0.00,1,12.31,0,0.00,0,0.00
2019,ENERO JUNIO,ACAPULCO GUERRERO,6,8.34,0,0.00,0,0.00,0,0.00,0,0.00,8,84.64,0,0.00,0,0.00
2019,ENERO JUNIO,PACHUCA HIDALGO,8,31.81,0,0.00,0,0.00,0,0.00,99,178.14,8,31.57,0,0.00,0,0.00
2019,ENERO JUNIO,GUADALAJARA JALISCO,0,0.00,0,0.00,5,2.14,0,0.00,0,0.00,18,86.53,0,0.00,0,0.00
2019,ENERO JUNIO,TOLUCA ESTADO MEXICO,40,135.11,20,151.78,0,0.00,0,0.00,0,0.00,48,2689.93,0,0.00,0,0.00
2019,ENERO JUNIO,MORELIA MICHOACAN,0,0.00,0,0.00,10,14.86,0,0.00,0,0.00,10,91.28,0,0.00,0,0.00
2019,ENERO JUNIO,CUERNAVACA MORELOS,159,325.46,0,0.00,0,0.00,0,0.00,124,257.34,14,57.08,0,0.00,0,0.00
2019,ENERO JUNIO,TEPIC NAYARIT,0,0.00,7,20.76,16,10.67,0,0.00,0,0.00,19,42.16,0,0.00,0,0.00
2019,ENERO JUNIO,MONTERREY NUEVO LEON,1,6.67,0,0.00,0,0.00,0,0.00,0,0.00,0,0.00,0,0.00,0,0.00
2019,ENERO JUNIO,OAXACA OAXACA,6,23.00,0,0.00,0,0.00,0,0.00,0,0.00,13,472.57,0,0.00,0,0.00
2019,ENERO JUNIO,PUEBLA PUEBLA,10,22.79,0,29.13,0,0.00,0,0.00,3,298.23,25,315.55,0,0.00,0,0.00
2019,ENERO JUNIO,QUERETARO QUERETARO,0,0.00,0,0.00,75,35.90,0,0.00,0,0.00,0,0.00,0,0.00,0,0.00
2019,ENERO JUNIO,CHETUMAL QUINTANA ROO,0,0.00,0,0.00,0,0.00,0,0.00,0,0.00,0,0.00,0,0.00,0,0.00
2019,ENERO JUNIO,SAN LUS POTOSI SAN LUIS POTOSI,0,0.00,0,0.00,0,0.00,0,0.00,0,0.00,0,0.00,0,0.00,0,0.00
2019,ENERO JUNIO,CULIACAN SINALOA,0,0.00,4,11.31,0,0.00,0,0.00,0,0.00,10,97.50,0,0.00,0,0.00
2019,ENERO JUNIO,HERMOSILLO SONORA,0,0.00,3,32.57,1,80.51,0,0.00,0,0.00,5,65.87,0,0.00,0,0.00
2019,ENERO JUNIO,VILLAHERMOSA TABASCO,1,1.51,15,48.15,0,0.00,0,0.00,13,29.06,7,30.61,0,0.00,0,0.00
2019,ENERO JUNIO,TAMPICO TAMAULIPAS,0,0.00,12,98.49,1,0.29,0,0.00,0,0.00,2,3.20,0,0.00,0,0.00
2019,ENERO JUNIO,TLAXCALA TLAXCALA,0,0.00,0,0.00,0,0.00,0,0.00,0,0.00,0,0.00,0,0.00,0,0.00
2019,ENERO JUNIO,JALAPA VERACRUZ,0,0.00,2,8.55,0,0.00,0,0.00,0,0.00,0,0.00,0,0.00,0,0.00
2019,ENERO JUNIO,MERIDA YUCATAN,0,0.00,8,25.23,0,0.00,0,0.00,0,0.00,0,0.00,0,0.00,0,0.00
2019,ENERO JUNIO,ZACATECAS ZACATECAS,0,0.00,0,0.00,21,13.60,0,0.00,0,0.00,158,422.40,0,0.00,0,0.00
2019,JULIO DICIEMBRE,REFORMA,165,493.43,334,2337.75,282,6705.45,0,0.00,4287,3378.38,512,5068.24,0,0.00,1301,257.11
2019,JULIO DICIEMBRE,ASOCIACION AUTONOMA DEL PERSONAL ACADEMICO DE LA UNIVERSIDAD NACIONAL AUTONOMA DE MEXICO,5,22.27,9,44.18,0,0.00,0,0.00,252,116.64,157,1347.28,0,0.00,0,0.00
2019,JULIO DICIEMBRE,SAN FERNANDO,31,90.89,20,128.42,0,0.00,0,0.00,373,271.21,68,453.21,0,0.00,0,0.00
2019,JULIO DICIEMBRE,CONSEJO DE LA  JUDICATURA,0,0.00,0,0.00,0,0.00,0,0.00,0,0.00,0,0.00,0,0.00,0,0.00
2019,JULIO DICIEMBRE,AGUASCALIENTES AGUASCALIENTES,0,0.00,0,0.00,0,0.00,0,0.00,0,0.00,29,394.21,0,0.00,0,0.00
2019,JULIO DICIEMBRE,MEXICALI BAJA CALIFORNIA,0,0.00,0,0.00,0,0.00,0,0.00,0,0.00,0,0.00,0,0.00,0,0.00
2019,JULIO DICIEMBRE,LA PAZ BAJA CALIFORMIA SUR,0,0.00,0,0.00,0,0.00,0,0.00,0,0.00,1,2.86,0,0.00,0,0.00
2019,JULIO DICIEMBRE,CAMPECHE CAMPECHE,0,0.00,0,0.00,0,0.00,0,0.00,0,0.00,0,0.00,0,0.00,0,0.00
2019,JULIO DICIEMBRE,SALTILLO COAHUILA,0,0.00,0,0.00,0,0.00,0,0.00,0,0.00,3,6.83,0,0.00,0,0.00
2019,JULIO DICIEMBRE,COLIMA COLIMA,0,0.00,0,0.00,2,9.72,0,0.00,0,0.00,0,0.00,0,0.00,0,0.00
2019,JULIO DICIEMBRE,TUXTLA GUTIERREZ CHIAPAS,0,0.00,0,0.00,0,0.00,0,0.00,0,0.00,0,0.00,0,0.00,0,0.00
2019,JULIO DICIEMBRE,CHIHUAHUA CHIHUAHUA,0,0.00,0,0.00,0,0.00,0,0.00,0,0.00,0,0.00,0,0.00,0,0.00
2019,JULIO DICIEMBRE,DURANGO DURANGO,0,0.00,0,0.00,0,0.00,0,0.00,0,0.00,1,0.25,0,0.00,0,0.00
2019,JULIO DICIEMBRE,CELAYA GUANAJUATO,0,0.00,0,0.00,0,0.00,0,0.00,0,0.00,1,0.62,0,0.00,0,0.00
2019,JULIO DICIEMBRE,ACAPULCO GUERRERO,0,0.00,0,0.00,0,0.00,0,0.00,0,0.00,1,9.24,0,0.00,0,0.00
2019,JULIO DICIEMBRE,PACHUCA HIDALGO,0,0.00,0,0.00,0,0.00,0,0.00,0,0.00,1,2.37,0,0.00,0,0.00
2019,JULIO DICIEMBRE,GUADALAJARA JALISCO,0,0.00,0,0.00,1,0.11,0,0.00,0,0.00,0,0.00,0,0.00,0,0.00
2019,JULIO DICIEMBRE,TOLUCA ESTADO MEXICO,0,0.00,0,0.00,0,0.00,0,0.00,0,0.00,7,506.31,0,0.00,0,0.00
2019,JULIO DICIEMBRE,MORELIA MICHOACAN,0,0.00,0,0.00,0,0.00,0,0.00,0,0.00,0,0.00,0,0.00,0,0.00
2019,JULIO DICIEMBRE,CUERNAVACA MORELOS,0,0.00,0,0.00,0,0.00,0,0.00,0,0.00,0,0.00,0,0.00,0,0.00
2019,JULIO DICIEMBRE,TEPIC NAYARIT,0,0.00,0,0.00,0,0.00,0,0.00,0,0.00,1,0.23,0,0.00,0,0.00
2019,JULIO DICIEMBRE,MONTERREY NUEVO LEON,0,0.00,0,0.00,0,0.00,0,0.00,0,0.00,0,0.00,0,0.00,0,0.00
2019,JULIO DICIEMBRE,OAXACA OAXACA,0,0.00,0,0.00,0,0.00,0,0.00,0,0.00,0,0.00,0,0.00,0,0.00
2019,JULIO DICIEMBRE,PUEBLA PUEBLA,0,0.00,0,0.00,0,0.00,0,0.00,0,0.00,0,0.00,0,0.00,0,0.00
2019,JULIO DICIEMBRE,QUERETARO QUERETARO,0,0.00,0,0.00,0,0.00,0,0.00,0,0.00,0,0.00,0,0.00,0,0.00
2019,JULIO DICIEMBRE,CHETUMAL QUINTANA ROO,0,0.00,0,0.00,0,0.00,0,0.00,0,0.00,0,0.00,0,0.00,0,0.00
2019,JULIO DICIEMBRE,SAN LUS POTOSI SAN LUIS POTOSI,0,0.00,0,0.00,0,0.00,0,0.00,0,0.00,0,0.00,0,0.00,0,0.00
2019,JULIO DICIEMBRE,CULIACAN SINALOA,0,0.00,0,0.00,0,0.00,0,0.00,0,0.00,0,0.00,0,0.00,0,0.00
2019,JULIO DICIEMBRE,HERMOSILLO SONORA,0,0.00,0,0.00,0,0.00,0,0.00,0,0.00,0,0.00,0,0.00,0,0.00
2019,JULIO DICIEMBRE,VILLAHERMOSA TABASCO,0,0.00,0,0.00,0,0.00,0,0.00,0,0.00,0,0.00,0,0.00,0,0.00
2019,JULIO DICIEMBRE,TAMPICO TAMAULIPAS,0,0.00,0,0.00,0,0.00,0,0.00,0,0.00,0,0.00,0,0.00,0,0.00
2019,JULIO DICIEMBRE,TLAXCALA TLAXCALA,0,0.00,0,0.00,0,0.00,0,0.00,0,0.00,0,0.00,0,0.00,0,0.00
2019,JULIO DICIEMBRE,JALAPA VERACRUZ,0,0.00,0,0.00,0,0.00,0,0.00,0,0.00,0,0.00,0,0.00,0,0.00
2019,JULIO DICIEMBRE,MERIDA YUCATAN,0,0.00,0,0.00,0,0.00,0,0.00,0,0.00,0,0.00,0,0.00,0,0.00
2019,JULIO DICIEMBRE,ZACATECAS ZACATECAS,0,0.00,0,0.00,0,0.00,0,0.00,0,0.00,4,90.94,0,0.00,0,0.00
2020,ENERO JUNIO,REFORMA,89,437.76,142,757.81,10,178.56,0,0.00,1032,1072.64,96,705.36,0,0.00,29,5.75
2020,ENERO JUNIO,ASOCIACION AUTONOMA DEL PERSONAL ACADEMICO DE LA UNIVERSIDAD NACIONAL AUTONOMA DE MEXICO,2,3.98,2,38.90,0,0.00,0,0.00,106,43.34,5,31.98,0,0.00,0,0.00
2020,ENERO JUNIO,SAN FERNANDO,23,116.78,9,29.00,0,0.00,0,0.00,73,34.72,14,119.51,0,0.00,0,0.00
2020,ENERO JUNIO,CONSEJO DE LA  JUDICATURA,0,0.00,0,0.00,0,0.00,0,0.00,0,0.00,0,0.00,0,0.00,0,0.00
2020,ENERO JUNIO,AGUASCALIENTES AGUASCALIENTES,0,0.00,0,0.00,0,0.00,0,0.00,0,0.00,0,0.00,0,0.00,0,0.00
2020,ENERO JUNIO,MEXICALI BAJA CALIFORNIA,0,0.00,0,0.00,0,0.00,0,0.00,0,0.00,0,0.00,0,0.00,0,0.00
2020,ENERO JUNIO,LA PAZ BAJA CALIFORMIA SUR,0,0.00,0,0.00,0,0.00,0,0.00,0,0.00,0,0.00,0,0.00,0,0.00
2020,ENERO JUNIO,CAMPECHE CAMPECHE,0,0.00,0,0.00,0,0.00,0,0.00,0,0.00,0,0.00,0,0.00,0,0.00
2020,ENERO JUNIO,SALTILLO COAHUILA,0,0.00,0,0.00,0,0.00,0,0.00,0,0.00,0,2.55,0,0.00,0,0.00
2020,ENERO JUNIO,COLIMA COLIMA,0,0.00,0,0.00,0,0.00,0,0.00,0,0.00,0,0.00,0,0.00,0,0.00
2020,ENERO JUNIO,TUXTLA GUTIERREZ CHIAPAS,0,0.00,0,0.00,0,0.00,0,0.00,0,0.00,0,0.00,0,0.00,0,0.00
2020,ENERO JUNIO,CHIHUAHUA CHIHUAHUA,0,0.00,0,0.00,0,0.00,0,0.00,0,0.00,0,0.00,0,0.00,0,0.00
2020,ENERO JUNIO,DURANGO DURANGO,0,0.00,0,0.00,0,0.00,0,0.00,0,0.00,0,0.00,0,0.00,0,0.00
2020,ENERO JUNIO,CELAYA GUANAJUATO,0,0.00,0,0.00,0,0.00,0,0.00,0,0.00,0,0.00,0,0.00,0,0.00
2020,ENERO JUNIO,ACAPULCO GUERRERO,0,0.00,0,0.00,0,0.00,0,0.00,0,0.00,0,0.00,0,0.00,0,0.00
2020,ENERO JUNIO,PACHUCA HIDALGO,0,0.00,0,0.00,0,0.00,0,0.00,0,0.00,0,0.00,0,0.00,0,0.00
2020,ENERO JUNIO,GUADALAJARA JALISCO,0,0.00,0,0.00,0,0.00,0,0.00,0,0.00,0,0.00,0,0.00,0,0.00
2020,ENERO JUNIO,TOLUCA ESTADO MEXICO,0,0.00,0,0.00,0,0.00,0,0.00,0,0.00,0,2.22,0,0.00,0,0.00
2020,ENERO JUNIO,MORELIA MICHOACAN,0,0.00,0,0.00,0,0.00,0,0.00,0,0.00,0,0.00,0,0.00,0,0.00
2020,ENERO JUNIO,CUERNAVACA MORELOS,0,0.00,0,0.00,0,0.00,0,0.00,0,0.00,0,0.00,0,0.00,0,0.00
2020,ENERO JUNIO,TEPIC NAYARIT,0,0.00,0,0.00,0,0.00,0,0.00,0,0.00,0,0.00,0,0.00,0,0.00
2020,ENERO JUNIO,MONTERREY NUEVO LEON,0,0.00,0,0.00,0,0.00,0,0.00,0,0.00,0,0.00,0,0.00,0,0.00
2020,ENERO JUNIO,OAXACA OAXACA,0,0.00,0,0.00,0,0.00,0,0.00,0,0.00,0,0.00,0,0.00,0,0.00
2020,ENERO JUNIO,PUEBLA PUEBLA,0,0.00,0,0.00,0,0.00,0,0.00,0,0.00,0,0.00,0,0.00,0,0.00
2020,ENERO JUNIO,QUERETARO QUERETARO,0,0.00,0,0.00,0,0.00,0,0.00,0,0.00,0,0.00,0,0.00,0,0.00
2020,ENERO JUNIO,CHETUMAL QUINTANA ROO,0,0.00,0,0.00,0,0.00,0,0.00,0,0.00,0,0.00,0,0.00,0,0.00
2020,ENERO JUNIO,SAN LUS POTOSI SAN LUIS POTOSI,0,0.00,0,0.00,0,0.00,0,0.00,0,0.00,0,0.00,0,0.00,0,0.00
2020,ENERO JUNIO,CULIACAN SINALOA,0,0.00,0,0.00,0,0.00,0,0.00,0,0.00,0,0.00,0,0.00,0,0.00
2020,ENERO JUNIO,HERMOSILLO SONORA,0,0.00,0,0.00,0,0.00,0,0.00,0,0.00,0,0.00,0,0.00,0,0.00
2020,ENERO JUNIO,VILLAHERMOSA TABASCO,0,0.00,0,0.00,0,0.00,0,0.00,0,0.00,0,0.00,0,0.00,0,0.00
2020,ENERO JUNIO,TAMPICO TAMAULIPAS,0,0.00,0,0.00,0,0.00,0,0.00,0,0.00,0,0.00,0,0.00,0,0.00
2020,ENERO JUNIO,TLAXCALA TLAXCALA,0,0.00,0,0.00,0,0.00,0,0.00,0,0.00,0,0.00,0,0.00,0,0.00
2020,ENERO JUNIO,JALAPA VERACRUZ,0,0.00,0,0.00,0,0.00,0,0.00,0,0.00,0,0.00,0,0.00,0,0.00
2020,ENERO JUNIO,MERIDA YUCATAN,0,0.00,0,0.00,0,0.00,0,0.00,0,0.00,0,0.00,0,0.00,0,0.00
2020,ENERO JUNIO,ZACATECAS ZACATECAS,0,0.00,0,0.00,0,0.00,0,0.00,0,0.00,0,0.00,0,0.00,0,0.00
